donnee;code;libelle
ABOND;1;0 à 5 % (présence faible)
ABOND;2;0 à 25 % (présence nette)
ABOND;3;25 à 50 %
ABOND;4;50 à 75 %
ABOND;5;75 à 100 %
ACCES;0;Piste non necessaire
ACCES;1;Piste necessaire
ACCES;2;Piste impossible
CAC;1;0-5 ans
CAC;2;5-10 ans
CAC;3;10-15 ans
CAC;4;15-20 ans
CAC;5;20-25 ans
CAC;6;25-30 ans
CAC;7;30-35 ans
CAC;8;35-40 ans
CAC;9;40-50 ans
CAC;10;50-60 ans
CAC;11;60-70 ans
CAC;12;70-80 ans
CAC;13;80-100 ans
CAC;14;100-120 ans
CAC;15;120-140 ans
CAC;16;140-160 ans
CAC;17;160-180 ans
CAC;18;180-200 ans
CAC;19;200-240 ans
CAC;20;>= 240 ans
CAC;AA;Absence d'arbres
CAC;NR;Peu recensable
CLON;0;Autre
CLON;1;Robusta
CLON;2;I214
CLON;D;Deltoide
CLON;E;Autre euramericain
CLON;I;Interamericain
CLON;T;Trichocarpa
CSA;1;Couverture boisee fermee
CSA;3;Couverture boisee ouverte
CSA;5;Peupleraie
CSA5;1;Couverture boisee fermee
CSA5;2;Bosquet
CSA5;3;Couverture boisee ouverte
CSA5;4;Lande
CSA5;5;Peupleraie
CSA5;6;Autre vegetation
CSA5;7;Terrain artificialise sans vegetation
CSA5;8;Terrain naturel sans vegetation
DC;2;Coupe rase sans defrichement
DC;3;Coupe rase sans travaux
DC;4;Coupe rase et travaux
DC;6;Coupe totale de l'etage dominant
DC;7;Coupe forte de l'etage dominant
DC;8;Autre coupe
DIST;0;inférieure à 200 m
DIST;1;de 200 à 500 m
DIST;2;de 500 à 1000 m
DIST;3;de 1000 à 2000 m
DIST;4;supérieure à 2000 m
ESPAR;2;Chene pedoncule
ESPAR;3;Chene sessile
ESPAR;4;Chene rouge
ESPAR;5;Chene pubescent
ESPAR;6;Chene vert
ESPAR;7;Chene tauzin
ESPAR;08S;Chene-liege
ESPAR;9;Hetre
ESPAR;10;Chataignier
ESPAR;11;Charme
ESPAR;12P;Bouleau pubescent
ESPAR;12V;Bouleau verruqueux
ESPAR;13B;Aulne blanc
ESPAR;13C;Aulne de corse
ESPAR;13G;Aulne glutineux
ESPAR;14;Robinier faux acacia
ESPAR;15P;Erable plane
ESPAR;15S;Erable sycomore
ESPAR;16;Micocoulier
ESPAR;17C;Frene commun
ESPAR;17F;Frene a fleur
ESPAR;17O;Frene oxyphylle
ESPAR;18C;Orme champetre
ESPAR;18D;Orme lisse
ESPAR;18M;Orme de montagne
ESPAR;19;Peuplier cultive
ESPAR;20G;Tilleul a grandes feuilles
ESPAR;20P;Tilleul a petites feuilles
ESPAR;21C;Erable champetre
ESPAR;21M;Erable de montpellier
ESPAR;21O;Erable a feuilles d'obier
ESPAR;22C;Cerisier
ESPAR;22G;Cerisier a grappes
ESPAR;22M;Merisier
ESPAR;22S;Cerisier tardif
ESPAR;23A;Amandier
ESPAR;23AB;Alisier blanc
ESPAR;23C;Cormier
ESPAR;23PC;Poirier commun
ESPAR;23PD;Prunier domestique
ESPAR;23PF;Poirier a feuilles en cour
ESPAR;23PM;Pommier sauvage
ESPAR;23SO;Sorbier des oiseleurs
ESPAR;24;Tremble
ESPAR;25B;Saule blanc
ESPAR;25C;Saule cendre
ESPAR;25FR;Saule cassant
ESPAR;25M;Saule marsault
ESPAR;26E;Platane a feuilles d'erable
ESPAR;26OC;Platane d'occident
ESPAR;27C;Noyer commun
ESPAR;27N;Noyer noir
ESPAR;28;Olivier d'europe
ESPAR;29AF;Autre feuillu exotique
ESPAR;29AI;Ailante
ESPAR;29CM;Chene des marais
ESPAR;29EN;Erable negundo
ESPAR;29MA;Marronnier d'inde
ESPAR;29MI;Mimosa
ESPAR;31;Noisetier coudrier
ESPAR;32;Charme houblon
ESPAR;33B;Peuplier blanc
ESPAR;33G;Peuplier grisard
ESPAR;33N;Peuplier noir
ESPAR;34;Chene chevelu
ESPAR;36;Eucalyptus (genre)
ESPAR;38AL;Cytise des alpes
ESPAR;38AU;Cytise aubour
ESPAR;39;Cornouiller male
ESPAR;40;Arbousier
ESPAR;41;Alisier torminal
ESPAR;51;Pin maritime
ESPAR;52;Pin sylvestre
ESPAR;53CA;Pin laricio de calabre
ESPAR;53CO;Pin laricio de corse
ESPAR;53S;Pin de salzmann
ESPAR;54;Pin noir d'autriche
ESPAR;55;Pin parasol
ESPAR;56;Pin weymouth
ESPAR;57A;Pin d'alep
ESPAR;58;Pin a crochets
ESPAR;59;Pin cembro
ESPAR;61;Sapin pectine
ESPAR;62;Epicea commun
ESPAR;63;Meleze d'europe
ESPAR;64;Douglas
ESPAR;65;Cedre de l'atlas
ESPAR;67;If
ESPAR;68CE;Autre conifere exotique
ESPAR;68CL;Cypres de lawson
ESPAR;68CM;Cypres de lambert
ESPAR;68PM;Pin de monterey
ESPAR;68TH;Tsuga heterophylle
ESPAR;70SB;Sapin de turquie
ESPAR;70SC;Sapin de cephalonie
ESPAR;71;Sapin de nordmann
ESPAR;72V;Sapin de vancouver
ESPAR;73;Epicea de sitka
ESPAR;74H;Meleze hybride
ESPAR;74J;Meleze du japon
ESPAR;76;Cedre du liban
ESPAR;77;Pin a l'encens et hybrides
ESSPRE;2;Chene pedoncule
ESSPRE;3;Chene rouvre
ESSPRE;4;Chene rouge d'amerique
ESSPRE;5;Chene pubescent
ESSPRE;6;Chene vert
ESSPRE;7;Chene tauzin
ESSPRE;8;Chene-liege
ESSPRE;9;Hetre
ESSPRE;10;Chataignier
ESSPRE;11;Charme
ESSPRE;12;Bouleau
ESSPRE;13;Grand aulne
ESSPRE;14;Robinier faux acacia
ESSPRE;15;Grand erable
ESSPRE;17;Frene
ESSPRE;18;Orme
ESSPRE;19;Peuplier cultive
ESSPRE;20;Tilleul
ESSPRE;21;Petit erable
ESSPRE;22;Cerisier ou merisier
ESSPRE;23;Autre fruitier
ESSPRE;24;Tremble
ESSPRE;25;Saule
ESSPRE;27;Noyer
ESSPRE;28;Olivier
ESSPRE;29;Autre feuillu exotique
ESSPRE;31;Noisetier
ESSPRE;32;Charme-houblon
ESSPRE;33;Peuplier non cultive
ESSPRE;34;Chene chevelu
ESSPRE;36;Eucalyptus
ESSPRE;40;Arbousier
ESSPRE;51;Pin maritime
ESSPRE;52;Pin sylvestre
ESSPRE;53;Pin laricio
ESSPRE;54;Pin noir
ESSPRE;55;Pin pignon
ESSPRE;56;Pin weymouth
ESSPRE;57;Pin d'alep
ESSPRE;58;Pin a crochets
ESSPRE;61;Sapin pectine
ESSPRE;62;Epicea commun
ESSPRE;63;Meleze d'europe
ESSPRE;64;Douglas
ESSPRE;65;Cedre de l'atlas
ESSPRE;68;Autre conifere exotique
ESSPRE;70;Sapin mediterraneen
ESSPRE;71;Sapin de nordmann
ESSPRE;72;Sapin americain
ESSPRE;73;Epicea de sitka
ESSPRE;74;Meleze exotique
ESSPRE;77;Pin a encens
ESS_AGE_1;2;Chene pedoncule
ESS_AGE_1;3;Chene rouvre
ESS_AGE_1;4;Chene rouge d'amerique
ESS_AGE_1;5;Chene pubescent
ESS_AGE_1;6;Chene vert
ESS_AGE_1;7;Chene tauzin
ESS_AGE_1;8;Chene-liege
ESS_AGE_1;9;Hetre
ESS_AGE_1;10;Chataignier
ESS_AGE_1;11;Charme
ESS_AGE_1;12;Bouleau
ESS_AGE_1;13;Grand aulne
ESS_AGE_1;14;Robinier faux acacia
ESS_AGE_1;15;Grand erable
ESS_AGE_1;17;Frene
ESS_AGE_1;18;Orme
ESS_AGE_1;19;Peuplier cultive
ESS_AGE_1;20;Tilleul
ESS_AGE_1;21;Petit erable
ESS_AGE_1;22;Cerisier ou merisier
ESS_AGE_1;23;Autre fruitier
ESS_AGE_1;24;Tremble
ESS_AGE_1;25;Saule
ESS_AGE_1;27;Noyer
ESS_AGE_1;28;Olivier
ESS_AGE_1;29;Autre feuillu exotique
ESS_AGE_1;31;Noisetier
ESS_AGE_1;32;Charme-houblon
ESS_AGE_1;33;Peuplier non cultive
ESS_AGE_1;34;Chene chevelu
ESS_AGE_1;40;Arbousier
ESS_AGE_1;51;Pin maritime
ESS_AGE_1;52;Pin sylvestre
ESS_AGE_1;53;Pin laricio
ESS_AGE_1;54;Pin noir
ESS_AGE_1;55;Pin pignon
ESS_AGE_1;56;Pin weymouth
ESS_AGE_1;57;Pin d'alep
ESS_AGE_1;58;Pin a crochets
ESS_AGE_1;61;Sapin pectine
ESS_AGE_1;62;Epicea commun
ESS_AGE_1;63;Meleze d'europe
ESS_AGE_1;64;Douglas
ESS_AGE_1;65;Cedre de l'atlas
ESS_AGE_1;68;Autre conifere exotique
ESS_AGE_1;70;Sapin mediterraneen
ESS_AGE_1;71;Sapin de nordmann
ESS_AGE_1;72;Sapin americain
ESS_AGE_1;73;Epicea de sitka
ESS_AGE_1;74;Meleze exotique
ESS_AGE_1;77;Pin a encens
FORME;0;Tetard
FORME;1;Faible houppier
FORME;2;Fort houppier
FORME;Z;Ebranche
HUMUS;10;mor
HUMUS;15;mor carbonaté
HUMUS;18;hydromor
HUMUS;20;moder
HUMUS;21;dysmoder
HUMUS;22;hemi-moder
HUMUS;25;moder carbonaté
HUMUS;28;hydromoder
HUMUS;30;dysmull
HUMUS;31;oligomull
HUMUS;40;mesomull
HUMUS;42;amphimull
HUMUS;45;mull carbonaté épais
HUMUS;48;hydromull
HUMUS;50;eumull
HUMUS;55;mull carbonaté
HUMUS;80;tourbe
HUMUS;81;anmoor
HUMUS;99;absence ou autre
INCID5;0;Pas de degats
INCID5;1;Moins de 25% de degats
INCID5;2;De 25 a 50% de degats
INCID5;3;De 50 a 75% de degats
INCID5;4;Plus de 75% de degats
LIB;0;couvert libre nul
LIB;1;inférieur à 2/3
LIB;2;supérieur à 2/3
OBSDATE;1;sol couvert de neige
OBSDATE;2;sol gelé
OBSDATE;3;sol couvert d'eau
OBSHYDR;1;en surface liée au tassement
OBSHYDR;2;cailloux oxydés
OBSHYDR;3;confusion avec le substrat
OBSHYDR;4;masquée par l'humus
OBSHYDR;5;nappe d'eau dans le sol
OBSHYDR;6;taches > 75 % à moins de 64 cm
OBSPEDO;1;humus perturbé ou absent
OBSPEDO;2;sol perturbé ou absent
OBSPEDO;3;sol hétérogène
OBSPEDO;4;décharge, remblai, dépôt artificiel
OBSPEDO;5;autre cas (sol non codé, etc.)
OBSPEDO;6;trou, extraction, mardelle, mur
OBSPEDO;7;humus hétérogène
OBSPEDO;8;humus de prairie
OBSPEDO;9;Donnee manquante
OBSPEDO;H;texture organique
OBSPEDO;R;texture caillouteuse
OBSPROF;1;arrêt sur dalle (R)
OBSPROF;2;arrêt sur cailloux
OBSPROF;3;arrêt sur compacité
OBSPROF;4;PROF2 surestimée
OBSROC;100;roches plutonique et volcanique
OBSROC;101;roche plutonique
OBSROC;102;roche volcanique
OBSROC;110;famille des granites
OBSROC;116;rhyolite
OBSROC;123;trachyte
OBSROC;130;famille des diorites
OBSROC;132;andésite
OBSROC;140;famille des gabbros
OBSROC;143;basalte
OBSROC;153;phonolite
OBSROC;160;projection volcanique
OBSROC;172;grès siliceux et autre roche siliceuse
OBSROC;175;grès siliceux et quartzite
OBSROC;176;grès siliceux et silex
OBSROC;178;grès siliceux et galet
OBSROC;182;roche plutonique et autre roche siliceuse
OBSROC;185;roche plutonique et quartzite
OBSROC;188;roche plutonique et galet
OBSROC;192;roche volcanique et autre roche siliceuse
OBSROC;210;roche siliceuse détritique consolidée
OBSROC;211;conglomérat siliceux
OBSROC;212;grès siliceux
OBSROC;213;quartzite
OBSROC;230;Roche siliceuse detritique non consolidee
OBSROC;231;bloc siliceux
OBSROC;232;pierraille siliceuse
OBSROC;233;Sable
OBSROC;234;Limon
OBSROC;236;Sable a silex
OBSROC;237;arène siliceuse
OBSROC;238;galets siliceux
OBSROC;239;Moraine siliceuse
OBSROC;241;silex
OBSROC;242;meulière
OBSROC;243;gaize
OBSROC;310;calcaire consolide
OBSROC;312;calcaire grossier
OBSROC;313;conglomérat calcaire
OBSROC;314;grès calcaire
OBSROC;316;Flysch
OBSROC;330;Roche calcaire non consolidee
OBSROC;331;bloc calcaire
OBSROC;332;pierraille calcaire
OBSROC;333;Sable calcaire
OBSROC;334;Limon calcaire
OBSROC;337;arène calcaire
OBSROC;338;galets calcaires
OBSROC;339;Moraine calcaire
OBSROC;381;craie blanche
OBSROC;403;calcaire dolomitique
OBSROC;404;dolomie
OBSROC;407;calcaire marneux
OBSROC;408;marne
OBSROC;410;calcaire à rognons gréseux
OBSROC;500;roche sédimentaire argileuse
OBSROC;506;Argile a silex
OBSROC;600;roche sédimentaire schisteuse
OBSROC;604;calcschiste
OBSROC;712;gypse
OBSROC;730;famille des roches ferrugineuses
OBSROC;750;famille des roches carbonées
OBSROC;751;Tourbe
OBSROC;800;famille des roches métamorphiques
OBSROC;810;schiste métamorphique
OBSROC;811;gneiss
OBSROC;812;micaschiste
OBSROC;815;gneiss et micaschiste
OBSROC;822;serpentine (ou serpentinite)
OBSROC;832;roche métamorphique et autre roche siliceuse
OBSROC;833;roche métamorphique et autres roches plutoniques
OBSROC;834;roche métamorphique et grès siliceux
OBSROC;835;roche métamorphique et quartzite
OBSROC;836;roche métamorphique et silex
OBSROC;838;roche métamorphique et galet
OBSROC;900;roche particulière
OBSROC;910;terril de mine
OBSROC;911;dépôt artificiel
OBSROC;930;Formation meuble siliceuse et carbonatee
OBSROC;932;calcaire et roche siliceuse
OBSROC;936;calcaire et silex
OBSROC;938;calcaire et galets
OBSROC;939;Moraine melangee
OBSROC;999;Absence ou autre
OBSTOPO;1;terrasses ≤ 6 m
OBSTOPO;2;terrasses > 6 m
OBSTOPO;3;banquettes de reboisement
OBSTOPO;4;topographie variée
OBSTOPO;5;mosaïque topographique
OBSTOPO;6;talus, micro versant
OBSTOPO;9;Donnee manquante
OBSVEGET;1;incendie
OBSVEGET;2;exploitation, tempête
OBSVEGET;3;activité agricole
OBSVEGET;4;travaux superficiels
OBSVEGET;5;flore hétérogène
OBSVEGET;6;autre perturbation
OBSVEGET;9;Donnee manquante
ORI;0;Issu de rejet
ORI;1;Issu de semence
PENTN;1;0-30%
PENTN;2;>= 30%
PORTN;0;Impraticable
PORTN;1;Praticable
PRELEV5;0;Aucune souche
PRELEV5;1;Au moins une souche
PRELEV5;2;Coupe rase
ROCHE;101;roches plutoniques
ROCHE;102;roches volcaniques
ROCHE;110;granites
ROCHE;116;rhyolites
ROCHE;123;trachytes
ROCHE;130;diorites
ROCHE;132;andésites
ROCHE;140;gabbros
ROCHE;143;basaltes
ROCHE;153;phonolites
ROCHE;160;projections volcaniques
ROCHE;210;roches siliceuses détritiques consolidées
ROCHE;211;conglomérats siliceux
ROCHE;212;grès siliceux
ROCHE;213;quartzites
ROCHE;230;roches siliceuses détritiques non consolidées
ROCHE;231;blocs
ROCHE;232;pierrailles
ROCHE;233;sables
ROCHE;234;limons
ROCHE;236;sables à silex
ROCHE;237;arènes
ROCHE;238;formations meubles à galets siliceux
ROCHE;239;moraines siliceuses
ROCHE;241;silex
ROCHE;242;meulières
ROCHE;243;gaizes
ROCHE;310;calcaires consolidés
ROCHE;312;calcaires grossiers
ROCHE;313;conglomérats calcaires
ROCHE;314;grès calcaires
ROCHE;316;flysch
ROCHE;330;roches calcaires non consolidées
ROCHE;331;blocs calcaires
ROCHE;332;pierrailles calcaires
ROCHE;333;sables calcaires
ROCHE;334;limons calcaires
ROCHE;338;formations calcaires meubles à galets calcaires
ROCHE;339;moraines calcaires
ROCHE;381;craies
ROCHE;403;calcaires dolomitiques
ROCHE;404;dolomies
ROCHE;407;calcaires marneux
ROCHE;408;marnes
ROCHE;410;calcaires à rognons gréseux-siliceux
ROCHE;500;roches sédimentaires argileuses
ROCHE;506;argile à silex
ROCHE;600;roches sédimentaires schisteuses
ROCHE;604;calcschistes
ROCHE;712;gypse
ROCHE;730;famille des roches ferrugineuses
ROCHE;750;famille des roches carbonées
ROCHE;751;tourbes
ROCHE;800;roches métamorphiques
ROCHE;810;schistes métamorphiques
ROCHE;811;gneiss
ROCHE;812;micaschistes
ROCHE;822;ophiolites-serpentines
ROCHE;900;roches particulières
ROCHE;910;terrils de mines
ROCHE;911;dépôts artificiels
ROCHE;930;formations meubles siliceuses et carbonatées
ROCHE;932;mélange de cailloux calcaires et siliceux
ROCHE;936;formations meubles à silex sur calcaire
ROCHE;938;formation meuble siliceuse et carbonatée à galets mélangés
ROCHE;939;moraines mélangées
ROCHE;999;autre ou absence
SER_86;A11;Ouest-Bretagne et Nord-Cotentin
SER_86;A12;Pays de Saint-Malo
SER_86;A13;Bocage normand et Pays de Fougères
SER_86;A21;Bretagne méridionale
SER_86;A22;Bocage armoricain
SER_86;A30;Bocage vendéen
SER_86;B10;Côtes et plateaux de la Manche
SER_86;B21;Flandres
SER_86;B22;Plaine picarde
SER_86;B23;Mosan, Thiérache et Hainaut
SER_86;B31;Campagne de Caen et Pays d'Auge
SER_86;B32;Plateaux de l'Eure
SER_86;B33;Perche
SER_86;B41;Bassin parisien tertiaire
SER_86;B42;Brie et Tardenois
SER_86;B43;Champagne crayeuse
SER_86;B44;Beauce
SER_86;B51;Champagne humide
SER_86;B52;Pays d'Othe et Gâtinais oriental
SER_86;B53;Pays-Fort, Nivernais et plaines prémorvandelles
SER_86;B61;Baugeois-Maine
SER_86;B62;Champeigne-Gâtine tourangelle
SER_86;B70;Sologne-Orléanais
SER_86;B81;Loudunais et Saumurois
SER_86;B82;Brenne et Brandes
SER_86;B91;Boischaut et Champagne berrichonne
SER_86;B92;Bourbonnais et Charolais
SER_86;C11;Ardenne primaire
SER_86;C12;Argonne
SER_86;C20;Plateaux calcaires du Nord-Est
SER_86;C30;Plaines et dépressions argileuses du Nord-Est
SER_86;C41;Plaine d'Alsace
SER_86;C42;Sundgau alsacien et belfortain
SER_86;C51;Saône, Bresse et Dombes
SER_86;C52;Plaines et piémonts alpins
SER_86;D11;Massif vosgien central
SER_86;D12;Collines périvosgiennes et Warndt
SER_86;E10;Premier plateau du Jura
SER_86;E20;Deuxième plateau et Haut-Jura
SER_86;F11;Terres rouges
SER_86;F12;Groies
SER_86;F13;Marais littoraux
SER_86;F14;Champagne charentaise
SER_86;F15;Périgord
SER_86;F21;Landes de Gascogne
SER_86;F22;Dunes atlantiques
SER_86;F23;Bazadais, Double et Landais
SER_86;F30;Coteaux de la Garonne
SER_86;F40;Causses du Sud-Ouest
SER_86;F51;Adour atlantique
SER_86;F52;Collines de l'Adour
SER_86;G11;Châtaigneraie du Centre et de l'Ouest
SER_86;G12;Marches du Massif central
SER_86;G13;Plateaux limousins
SER_86;G21;Plateaux granitiques ouest du Massif central
SER_86;G22;Plateaux granitiques du centre du Massif central
SER_86;G23;Morvan et Autunois
SER_86;G30;Massif central volcanique
SER_86;G41;Bordure Nord-Est du Massif central
SER_86;G42;Monts du Vivarais et du Pilat
SER_86;G50;Ségala et Châtaigneraie auvergnate
SER_86;G60;Grands Causses
SER_86;G70;Cévennes
SER_86;G80;Haut-Languedoc et Lévézou
SER_86;G90;Plaines alluviales et piémonts du Massif central
SER_86;H10;Préalpes du Nord
SER_86;H21;Alpes externes du Nord
SER_86;H22;Alpes internes du Nord
SER_86;H30;Alpes externes du Sud
SER_86;H41;Alpes intermédiaires du Sud
SER_86;H42;Alpes internes du Sud
SER_86;I11;Piémont pyrénéen
SER_86;I12;Pyrénées cathares
SER_86;I13;Corbières
SER_86;I21;Haute-chaîne pyrénéenne
SER_86;I22;Pyrénées catalanes
SER_86;J10;Garrigues
SER_86;J21;Roussillon
SER_86;J22;Plaines et collines rhodaniennes et languedociennes
SER_86;J23;Provence calcaire
SER_86;J24;Secteurs niçois et préligure
SER_86;J30;Maures et Esterel
SER_86;J40;Préalpes du Sud
SER_86;K11;Corse occidentale
SER_86;K12;Montagne corse
SER_86;K13;Corse orientale
TEXT1;0;absence
TEXT1;1;sable
TEXT1;2;sable limoneux
TEXT1;3;sable argileux
TEXT1;4;limon sableux
TEXT1;5;limon argileux
TEXT1;6;limon
TEXT1;7;argile limoneuse
TEXT1;8;argile sablo-limoneuse
TEXT1;9;argile
TEXT2;0;absence
TEXT2;1;sable
TEXT2;2;sable limoneux
TEXT2;3;sable argileux
TEXT2;4;limon sableux
TEXT2;5;limon argileux
TEXT2;6;limon
TEXT2;7;argile limoneuse
TEXT2;8;argile sablo-limoneuse
TEXT2;9;argile
TIGE;1;Normale
TIGE;5;Jumelle
TIGE;6;Fourchue
TIGE;7;Ecimee
TM2;1;Bosquet
TM2;2;Boqueteau
TM2;3;Bois
TOPO;0;terrain plat
TOPO;1;sommet
TOPO;2;haut de versant
TOPO;3;mi-versant concave
TOPO;4;mi-versant rectiligne
TOPO;5;mi-versant convexe
TOPO;6;replat
TOPO;7;bas de versant
TOPO;8;vallée ou fond de vallon large
TOPO;9;dépression ou fond de vallon étroit
TPLANT;A;Plantation sous abri
TPLANT;B;Plantation en bandes
TPLANT;P;Plantation en plein
TSOL;1;arenosol
TSOL;2;regosol
TSOL;3;anthroposol
TSOL;11;sol alluvial
TSOL;12;ranker à mull
TSOL;13;ranker à moder-mor
TSOL;14;lapiaz
TSOL;15;lithosol sur éboulis
TSOL;16;lithosol sur dalle compacte
TSOL;17;lithosol sur dalle fissurée
TSOL;18;andosol
TSOL;19;sol colluvial
TSOL;21;sol humocalcaire
TSOL;22;sol humocalcique
TSOL;23;rendzine humifère
TSOL;24;rendzine dolomitique
TSOL;25;rendzine grise
TSOL;26;rendzine brunifiée
TSOL;27;rendzine brune/rouge
TSOL;28;calcaire hydromorphe
TSOL;29;rendzine colluviale
TSOL;31;sol brun calcaire
TSOL;32;sol brun calcique
TSOL;33;sol brun
TSOL;34;sol brun acide
TSOL;35;sol brun ocreux
TSOL;38;sol brun hydromorphe
TSOL;39;sol brun colluvial
TSOL;41;sol brun faiblement lessivé
TSOL;42;sol brun complexe
TSOL;43;sol lessivé
TSOL;44;sol lessivé acide
TSOL;45;sol lessivé podzolique
TSOL;48;sol lessivé hydromorphe
TSOL;51;sol ocre podzolique
TSOL;52;sol podzolique
TSOL;53;podzol
TSOL;58;sol podzolique hydromorphe
TSOL;59;podzol humique
TSOL;61;sol brun fersiallitique
TSOL;62;sol rouge fersiallitique
TSOL;63;sol fersiallitique désaturé
TSOL;81;pseudogley
TSOL;82;gley
TSOL;83;tourbe
TSOL;85;stagnogley
TSOL;87;pseudogley podzolique
TSOL;88;pelosol
TSOL;89;gley humifère
TSOL;99;sol non codé
UTA;0;Production de bois
UTA;6;Agricole
VEGET;0;Vif
VEGET;5;Mort
VEGET;A;Chablis
VEGET;Z;Vif accidente
